1;1;1;1;3.9595441530394583e-07;3.023494370425447e-05;0.3717974582286918;0.02355938989825451;0.01455231953588385
3.9358262768421713e-07;2.9785795849211592e-05;0.46895331085957576;0.021492828089354172;0.017016570645358407
4.0385431603019576e-07;3.008653525631152e-05;0.4618216385121869;0.023838587031931542;0.018053488228458595
3.894104219839798e-07;3.0250816439422948e-05;0.45366624002735234;0.023011061942243293;0.01572397662203331
3.960425520885393e-07;3.186653172262393e-05;0.4145339966013186;0.025031954832980277;0.01700008162645029
3.8871571416292273e-07;2.946883372772229e-05;0.44769990488428474;0.01801052901335215;0.017144445051505808
3.9316416863968557e-07;3.0440459430511982e-05;0.48480875832877685;0.028513033555380627;0.015287115367243939
4.1237000160433115e-07;2.9509945273625408e-05;0.44977565821791937;0.02308481719425883;0.023023416781691314
3.872231135914132e-07;2.990690669220638e-05;0.45475005541160507;0.024952002201311094;0.017358776073384624
3.9248794636691784e-07;3.0579016430601955e-05;0.4097366614072547;0.025444129161617018;0.015644922983389438
3.942347413688649e-07;2.9754883530805226e-05;0.3991517998167265;0.025499708158527354;0.017233227025738606
3.9052444338374346e-07;2.9505824997077275e-05;0.4687482240878853;0.02461514447535328;0.016113808464340598
3.892591433634928e-07;2.9359665978155498e-05;0.3577406830129276;0.03203434003942208;0.01574745817488415
4.0019730762047437e-07;3.17640181362104e-05;0.45802165822759394;0.02671237484402193;0.013147793950475738
3.925799637623205e-07;3.0106981287897862e-05;0.47014893029123267;0.02145039945381825;0.015772029159049697
3.8710812709083286e-07;2.9954354050874872e-05;0.45726977405267666;0.02533411497671741;0.017243637214256837
3.88726529292624e-07;2.952466877594333e-05;0.4677884843902357;0.023774262594208232;0.01656508862673342
4.022270276808652e-07;2.85e-05;0.4973150476392448;0.02823039991928835;0.01755428680588523
3.884321580731959e-07;2.9154466273648604e-05;0.4946961108069741;0.024423594029765468;0.016228006538744327
3.85e-07;3.098968148228028e-05;0.4827958486145744;0.024678848935415453;0.01677000786877839
3.85e-07;2.869673922251738e-05;0.45197697216052274;0.02024760996004019;0.01578011216036858
3.862379261619053e-07;2.9087322152634682e-05;0.47037432987524214;0.026396970640158304;0.016239118665044783
4.018752698736266e-07;2.903796204399929e-05;0.49357746194071617;0.025243828897927485;0.022059208081334762
3.8736740638858316e-07;2.9482396032664037e-05;0.5;0.02919281405586439;0.01415403849940956
3.85e-07;3.0515359050591164e-05;0.47088196356630485;0.02403414290095383;0.016143467881410033
3.9386392325508725e-07;2.9442047580271612e-05;0.45596304788758973;0.023838254406573344;0.016337950441028776
3.91639355089201e-07;2.9424663664822755e-05;0.46884969533199766;0.024589990389971377;0.016113640349009407
3.8776573445691273e-07;2.9275270162961165e-05;0.46029851985205983;0.026727786021191954;0.01608791780457198
3.904728850384265e-07;3.079957164337503e-05;0.49442235357693043;0.02512899547688488;0.014949905998746783
3.8937943991255067e-07;2.99524459441606e-05;0.4695292722835005;0.025378488437323106;0.015954923324544307
3.85e-07;3.066093243438614e-05;0.5;0.02575551765524161;0.01841677331835359
3.85e-07;3.084917416601205e-05;0.4816186331482015;0.025596835473973956;0.01654097214647994
3.8711603732424587e-07;2.8913663969226394e-05;0.5;0.02782415581582483;0.01695218002170075
3.85e-07;2.9820488307620036e-05;0.5;0.025362984447867512;0.01690388561591353
3.85e-07;3.0551256362108455e-05;0.5;0.024502295986633043;0.01665497098994244
3.85e-07;2.851708721450973e-05;0.46280816411889164;0.02271545241751144;0.015250998713766834
3.85e-07;2.9779233031028326e-05;0.47101949403500604;0.023631196951204424;0.016956522760858142
3.915606174720803e-07;2.9505670392577242e-05;0.5;0.025827912564008373;0.017722326143616587
3.8605010081628447e-07;3.053702967481112e-05;0.5;0.027376393795658413;0.012667682342754323
3.85e-07;3.077990932483321e-05;0.5;0.023553089373451404;0.01661198898964688
3.9134442306517454e-07;2.9895677225446556e-05;0.5;0.023735943617931077;0.016252293169536188
3.8740956978813247e-07;3.083872266250417e-05;0.4704544822848661;0.024636573586674582;0.0166278007007981
3.85e-07;2.938531069897126e-05;0.5;0.022894672451070686;0.016466557715174437
3.85e-07;3.0394214355731357e-05;0.5;0.02411309880505945;0.016087328358186555
3.868783219257974e-07;2.9882984416338315e-05;0.47672368984338437;0.026815142973959975;0.016818169873948803
3.85e-07;3.1034997778371354e-05;0.5;0.025212642580375484;0.018600503860187443
3.85e-07;3.161821610408622e-05;0.48887598747892363;0.026260372238785093;0.01661242604907745
3.85e-07;3.0640493153299153e-05;0.49082414837583;0.025636060928898446;0.01648471148988259
3.85e-07;3.121485279628986e-05;0.5;0.025718092559380033;0.017142323350055055
3.85e-07;3.064209264297681e-05;0.5;0.024519127081803604;0.016623515963699365
3.85e-07;2.9598685315264745e-05;0.48124870074467047;0.02449575232654472;0.015640573858256377
3.85e-07;3.053740790749843e-05;0.4775155718253698;0.023154384294073307;0.017132975147988953
3.85e-07;2.9758101541286174e-05;0.5;0.025065083392841768;0.015155460781903149
3.85e-07;3.108746187187538e-05;0.4995845884428987;0.024989295520078503;0.01299145673829303
3.85e-07;3.105148452697366e-05;0.5;0.023787874936580654;0.01691715342492003
3.86831297179257e-07;3.0979812082892335e-05;0.5;0.024034243722228506;0.016308032755471425
3.85e-07;3.159118816476207e-05;0.4804099827664554;0.02467394807437511;0.017008147847648477
3.85e-07;3.0836974669154475e-05;0.5;0.021037524683623722;0.016774163891332117
3.85e-07;3.030130473390314e-05;0.4894477207890805;0.02361180148214742;0.017029284422648477
3.85e-07;3.074967182379075e-05;0.4851352856744723;0.02582320547695418;0.017201700157437685
3.85e-07;3.120931412500904e-05;0.5;0.02461202465588403;0.018221440385148623
3.85e-07;3.151485669089902e-05;0.48760102942303174;0.02501561735276461;0.016765932004248956
3.85e-07;3.175882504251342e-05;0.48339950579148794;0.023997325953407575;0.01645210137888746
3.85e-07;3.184949771081705e-05;0.48353548631705046;0.025793567163745933;0.01707462617929628
3.85e-07;3.101631088389757e-05;0.49776128958702365;0.02459289986648394;0.016695197502170165
3.85e-07;3.077460995472238e-05;0.4917185095013295;0.025476796086766822;0.016500971451647858
3.85e-07;3.108570788612399e-05;0.4808948004800726;0.0233233193970664;0.01700658060245672
3.85e-07;3.081501613999882e-05;0.496887631606446;0.024353915141196208;0.014842051322668382
3.85e-07;3.1317680109603745e-05;0.4885429149941706;0.023539403857641212;0.015415929447420505
3.85e-07;3.117428348648076e-05;0.49088621512477787;0.02432809611282202;0.017007521283048818
3.85e-07;3.152778027530167e-05;0.5;0.024394054422658865;0.016763237321439996
3.85e-07;3.1465153929471916e-05;0.48760543971862663;0.02469545168807881;0.017139869920895674
3.85e-07;3.1646371148731365e-05;0.5;0.02018444684903762;0.016926228529656185
3.85e-07;3.068673013421911e-05;0.4841326272810867;0.023895699829421045;0.017294102470953247
3.85e-07;3.1196814123504e-05;0.4880741462468914;0.025230193140781197;0.0172679830351751
3.85e-07;3.129647229832788e-05;0.5;0.024311715693638304;0.018031908647629213
3.85e-07;3.1438049678013025e-05;0.4991948535956673;0.02429875851878218;0.017667089344997156
3.85e-07;3.215956501838971e-05;0.4929874349043225;0.02359952263098157;0.017808656939394873
3.85e-07;3.200906068055876e-05;0.4827442659486643;0.025422285058232987;0.01766745593532869
3.85e-07;3.1341906774285416e-05;0.49852624875734214;0.024630643467587636;0.017198827464789724
3.85e-07;3.1753997216065216e-05;0.5;0.025719639503450856;0.018561110182874766
3.85e-07;3.1428415885007176e-05;0.4843178273066931;0.024265348987684024;0.018092930886794853
3.85e-07;3.171594999529653e-05;0.49704014533504437;0.02407896267913517;0.015544918711215678
3.85e-07;3.136624915792218e-05;0.48538196087747737;0.02383599771456183;0.018893830031042527
3.85e-07;3.12691126479422e-05;0.49110992585158186;0.024854841379881944;0.017678321417116196
3.85e-07;3.1550836940374516e-05;0.5;0.024790412983145996;0.01742024682791538
3.85e-07;3.1246059490382996e-05;0.5;0.024636416326118037;0.017208126683141665
3.85e-07;3.188029242358677e-05;0.5;0.02336610225151687;0.017916847770426507
3.85e-07;3.095508522604609e-05;0.4815582701550542;0.024607770193439838;0.017585053837842406
3.85e-07;3.142936398345635e-05;0.4914925475678501;0.024613768982861488;0.017475726559540668
3.85e-07;3.1276911731273375e-05;0.5;0.02421830136908633;0.018115811728119952
3.85e-07;3.1183557426256374e-05;0.5;0.023990203523927535;0.018453794279274197
3.85e-07;3.1432489252282866e-05;0.5;0.023928651361580365;0.018651775085778564
3.85e-07;3.160545162046333e-05;0.4932779400814291;0.02455409909182133;0.01796397291018621
3.85e-07;3.149933441547051e-05;0.4990890307622577;0.024638295935104915;0.017496678483891213
3.85e-07;3.204230164715302e-05;0.5;0.024868809983393046;0.019380999812297496
3.85e-07;3.145566416132617e-05;0.49269562877184986;0.025055908176423707;0.01875242008924965
3.85e-07;3.2077737525706026e-05;0.4990847266318834;0.024415365381751344;0.018020854765568074
3.85e-07;3.136834436890653e-05;0.492354022248952;0.024081755029023905;0.019967196686804353
3.85e-07;3.126967627225078e-05;0.49689401476128486;0.02500407285297099;0.01833810181437507
3.85e-07;3.15517863479848e-05;0.5;0.02490012269797904;0.01838050891624078
3.85e-07;3.1110454730754345e-05;0.5;0.024593388651779406;0.01817680422772992
3.85e-07;3.1803480810970696e-05;0.5;0.025529512734505162;0.01862567608355568
3.85e-07;3.123917662357865e-05;0.4880912562164683;0.02496640392172549;0.018040031143921408
3.85e-07;3.1386303670214484e-05;0.5;0.024305364973927195;0.017753523836820325
3.85e-07;3.120275797135831e-05;0.5;0.024219751139550015;0.018182838228866335
3.85e-07;3.1038273845948755e-05;0.5;0.024407146132344095;0.01858637779065428
3.85e-07;3.098647170435894e-05;0.5;0.024186991185778182;0.018869930103190338
3.85e-07;3.0908923108440174e-05;0.4992033577293621;0.02413436035599338;0.018311233657437014
3.85e-07;3.137829383662657e-05;0.4995826933134066;0.024610136333931613;0.017849563910326185
3.85e-07;3.1414260397602665e-05;0.5;0.02442951773232442;0.019155934857960157
3.85e-07;3.1278383696547084e-05;0.5;0.0253775322052322;0.018633090631367265
3.85e-07;3.137394600264302e-05;0.5;0.024726225426453138;0.01934440306706793
3.85e-07;3.1284591974685756e-05;0.4981527955706019;0.02420948528183641;0.020222912564863048
3.85e-07;3.117788598568967e-05;0.5;0.02472950952976151;0.01859726842407853
3.85e-07;3.1141213658681356e-05;0.5;0.024720601902428828;0.018828574523621158
3.85e-07;3.1042652350940016e-05;0.5;0.024571874814610088;0.018661143000024045
3.85e-07;3.115449531344493e-05;0.5;0.026608495366839905;0.018724792289315274
3.85e-07;3.138043725261329e-05;0.49396524847293793;0.02493313586041287;0.01839070669013751
3.85e-07;3.135899895422362e-05;0.5;0.024224112013145924;0.01792240471910853
3.85e-07;3.111741842573295e-05;0.5;0.02451500838421487;0.018210906600325455
3.85e-07;3.096736282034779e-05;0.5;0.024721164524953074;0.018350708883712322
3.85e-07;3.077394308708363e-05;0.5;0.02442358422876181;0.018452903024536022
3.85e-07;3.073346638640393e-05;0.5;0.02424438415082505;0.01842575569135715
3.85e-07;3.117924183536815e-05;0.5;0.0245813006582771;0.018064443007920088
3.85e-07;3.0836495038184714e-05;0.5;0.024354940576475005;0.01853899079859849
3.85e-07;3.105527644780169e-05;0.5;0.025362356987841717;0.018496638942195425
3.85e-07;3.0952918856201146e-05;0.5;0.02487506777270012;0.019299737703737434
3.85e-07;3.123173883025054e-05;0.5;0.024618738265924218;0.019625224601640692
3.85e-07;3.11181994575957e-05;0.5;0.024546951728351175;0.018540456032569517
3.85e-07;3.093528822262158e-05;0.5;0.024548262848724703;0.018842540157378854
3.85e-07;3.1070406531267294e-05;0.5;0.02456917159800739;0.01847568437188513
3.85e-07;3.079837368802823e-05;0.5;0.02678180099978834;0.018238104703577
3.85e-07;3.119222382006058e-05;0.5;0.024900554093099776;0.018447650547946073
3.85e-07;3.1282117156945444e-05;0.5;0.02428433225258679;0.018168427309489813
3.85e-07;3.1058230357933256e-05;0.5;0.02463453753571718;0.018302557266606227
3.85e-07;3.083673535486056e-05;0.5;0.02468409056633243;0.018282917210508485
3.85e-07;3.0667678778445977e-05;0.5;0.024541880750253625;0.018244389485208866
3.85e-07;3.065044843862788e-05;0.5;0.024429970632374516;0.018497261175593728
3.85e-07;3.085514426464865e-05;0.5;0.024447903968602788;0.018544181972477827
3.85e-07;3.052339763699924e-05;0.5;0.02432742735228098;0.018175022128000182
3.85e-07;3.093687713728638e-05;0.5;0.02493726190235859;0.018388572800358632
3.85e-07;3.060242797959153e-05;0.5;0.024551385364493736;0.018545439917109132
3.85e-07;3.1150562432409976e-05;0.5;0.024775326983615693;0.018827444507197914
3.85e-07;3.092004504621391e-05;0.5;0.024416979815002623;0.01847822171241236
3.85e-07;3.068928621151944e-05;0.5;0.024371190206954104;0.018732384558424235
3.85e-07;3.101459183990683e-05;0.5;0.024489702927311983;0.01836457230078939
3.85e-07;3.060653839862779e-05;0.5;0.026565596791023736;0.01816609838387278
3.85e-07;3.1023996182567884e-05;0.5;0.024648485663308104;0.01847663246327902
3.85e-07;3.1151332165003795e-05;0.5;0.024332919385307704;0.01852481747965015
3.85e-07;3.069738363351349e-05;0.5;0.024470209642354714;0.018643279832134055
3.85e-07;3.06245471710285e-05;0.5;0.02446488415075278;0.01841323193419912
3.85e-07;3.0623317808759494e-05;0.5;0.024484963872180906;0.01838498306131297
3.85e-07;3.063233000313841e-05;0.5;0.024481757690503047;0.018750777536286522
3.85e-07;3.0659706180394e-05;0.5;0.024346890769216527;0.018803945024414515
3.85e-07;3.0497910976122763e-05;0.5;0.024323896969365957;0.018065295233649175
3.85e-07;3.0688252253358984e-05;0.5;0.024270302451372947;0.018413873634103958
3.85e-07;3.0463372129071633e-05;0.5;0.024367602349045853;0.01831925649420689
3.85e-07;3.07293798565716e-05;0.5;0.024594416469530776;0.018381297369504803
3.85e-07;3.064101593431399e-05;0.5;0.024345028765245958;0.01846697631882531
3.85e-07;3.056628520596837e-05;0.5;0.024282653886068803;0.018677306758946924
3.85e-07;3.0757002410523757e-05;0.5;0.024449442182941653;0.01835825928021441
3.85e-07;3.053421321130636e-05;0.5;0.02544863385972605;0.018576062745360708
3.85e-07;3.0645737343340114e-05;0.5;0.024478982346727175;0.01867056424822637
3.85e-07;3.0763267015534497e-05;0.5;0.02436661265100498;0.018892534685222732
3.85e-07;3.029074332864577e-05;0.5;0.02437469135505006;0.018516826902774786
3.85e-07;3.0438804960709612e-05;0.5;0.024263553486821222;0.018475437626960817
3.85e-07;3.05957822851672e-05;0.5;0.024421427726609247;0.01845445813710274
3.85e-07;3.046706195288444e-05;0.5;0.02440495836418015;0.01858484976199312
3.85e-07;3.0394870630643352e-05;0.5;0.024305752845483395;0.018646371049869503
3.85e-07;3.04809062940161e-05;0.5;0.02432617702229645;0.01816113866259982
3.85e-07;3.038088790632079e-05;0.5;0.023995036337923135;0.01841602575647954
3.85e-07;3.0393844203811686e-05;0.5;0.024275710841321914;0.018206164782755767
3.85e-07;3.0418157599477223e-05;0.5;0.024348159921403312;0.01812524635142772
3.85e-07;3.0462305270156203e-05;0.5;0.02431940992779223;0.01840720371243751
3.85e-07;3.0419691115260975e-05;0.5;0.024249238459937865;0.018479528977703854
3.85e-07;3.038316795699582e-05;0.5;0.024381274472803045;0.01835400396771291
3.85e-07;3.0437059204101437e-05;0.5;0.024049823180642166;0.01864060072219833
3.85e-07;3.0427860356965028e-05;0.5;0.02437945467335157;0.01859358469292638
3.85e-07;3.0433966000871276e-05;0.5;0.024383996474580553;0.018999107300133967
3.85e-07;3.0143699976071286e-05;0.5;0.024326428192278683;0.01836937456554316
3.85e-07;3.036284386701917e-05;0.5;0.024230846173448378;0.01843780534244539
3.85e-07;3.0508538698440222e-05;0.5;0.024382639216756895;0.018475776788222095
3.85e-07;3.0383286646693883e-05;0.5;0.024342162146826028;0.01831150388789357
3.85e-07;3.031274184588151e-05;0.5;0.024297590980185517;0.01847326330515672
3.85e-07;3.046260257577809e-05;0.5;0.024361895915308636;0.018339972973070422
3.85e-07;3.0264494802054364e-05;0.5;0.024093887234220093;0.018344958412498516
3.85e-07;3.0423696610686578e-05;0.5;0.02423611981534724;0.018152869938145876
3.85e-07;3.0275255436407263e-05;0.5;0.024240625889833757;0.017997631645403283
3.85e-07;3.037371680135976e-05;0.5;0.024336232075398395;0.018295721286698773
3.85e-07;3.035596694972312e-05;0.5;0.024265250600666574;0.01825016173939128
3.85e-07;3.0255570879450213e-05;0.5;0.024337199055994328;0.018323070619322028
3.85e-07;3.0402706048624867e-05;0.5;0.02341185066669084;0.018559289238622573
3.85e-07;3.0330885055552795e-05;0.5;0.024325335998868134;0.018469860841364316
3.85e-07;3.0278189352586308e-05;0.5;0.02438670761846643;0.01862005578091053
3.85e-07;3.030057296099236e-05;0.5;0.024306488685800355;0.018356351379215333
3.85e-07;3.0351991585542047e-05;0.5;0.02436315812435845;0.018441366211404596
3.85e-07;3.0464916905076735e-05;0.5;0.02436324496183072;0.01848643611378177
3.85e-07;3.0440291351533594e-05;0.5;0.024313495990188352;0.01823989845190437
3.85e-07;3.036701496879223e-05;0.5;0.02430454559731732;0.018388090189291665
3.85e-07;3.045538601591914e-05;0.5;0.024393109357974833;0.018433190706076772
3.85e-07;3.0305388079444738e-05;0.5;0.024172499535268288;0.018425389925132256
3.85e-07;3.0472330726642347e-05;0.5;0.024304007681836378;0.018205778023242088
3.85e-07;3.0366635814286915e-05;0.5;0.02427409181809882;0.018036931818238566
3.85e-07;3.0367432261231257e-05;0.5;0.02437067464881789;0.018371678413421213
3.85e-07;3.0408661490972354e-05;0.5;0.024287439280691287;0.018196063112242703
3.85e-07;3.028664757872711e-05;0.5;0.024354187161805423;0.01835750194318387
3.85e-07;3.0426216320654955e-05;0.5;0.023590379641570486;0.018493633639520536
3.85e-07;3.0400465191223826e-05;0.5;0.024303276632445903;0.01840861764406429
3.85e-07;3.024447960619662e-05;0.5;0.024387815758191957;0.01842923342362673
3.85e-07;3.0399179747565504e-05;0.5;0.02432926638607487;0.01836897284243881
3.85e-07;3.036643019133458e-05;0.5;0.024429350007063522;0.018461736999890156
3.85e-07;3.044310600839499e-05;0.5;0.02435354783436763;0.01849176577656161
3.85e-07;3.0474351007041527e-05;0.5;0.024300807743736788;0.018323771128637097
3.85e-07;3.0398012383628258e-05;0.5;0.02433728859967885;0.018413387304892365
3.85e-07;3.0456517113878855e-05;0.5;0.024401226614175674;0.018502855083416234
3.85e-07;3.0400904722242415e-05;0.5;0.024243713217064908;0.018502157963960812
3.85e-07;3.0492419046464106e-05;0.5;0.02438844020045619;0.018292438918407893
3.85e-07;3.041453035294597e-05;0.5;0.024339187256756937;0.01819126891173566
3.85e-07;3.0398352043207112e-05;0.5;0.02438725901129304;0.018520834349164544
3.85e-07;3.04872226441973e-05;0.5;0.02434386076673245;0.018322331292557236
3.85e-07;3.0477320436720266e-05;0.5;0.02436540853806226;0.018487821665003828
3.85e-07;3.0468764843447637e-05;0.5;0.024111501804378276;0.018457820709441724
3.85e-07;3.0499509946964762e-05;0.5;0.024293963777188045;0.018429304391272935
3.85e-07;3.0375668936342106e-05;0.5;0.024384536029533225;0.01837689829759914
3.85e-07;3.04914308326826e-05;0.5;0.024373290582321728;0.01837061500149788
3.85e-07;3.049408154392987e-05;0.5;0.02445579415773079;0.01837169097004584
3.85e-07;3.0436996183318956e-05;0.5;0.02436710159598035;0.01843544129846942
3.85e-07;3.050684192787437e-05;0.5;0.02430398865350264;0.018336761007931513
3.85e-07;3.0453362153612127e-05;0.5;0.024359619615593537;0.018347998771361496
3.85e-07;3.0469512046610464e-05;0.5;0.02439996527232212;0.018386600483356816
3.85e-07;3.052478448252834e-05;0.5;0.02439549623503519;0.01843362459676727
3.85e-07;3.0502463206374987e-05;0.5;0.0244306564597661;0.018335769365990795
3.85e-07;3.051252155415644e-05;0.5;0.024409263134894502;0.01828385814160735
3.85e-07;3.0471778385689922e-05;0.5;0.024396675278556174;0.018543955912301797
3.85e-07;3.053033169861363e-05;0.5;0.024397808173620746;0.01837679235974991
3.85e-07;3.057620273518651e-05;0.5;0.024384180636594335;0.018445019459845037
3.85e-07;3.049839788647282e-05;0.5;0.024520523234268992;0.018430935206215398
3.85e-07;3.0542927548512606e-05;0.5;0.024359884833575287;0.01840595939146502
3.85e-07;3.049922739164634e-05;0.5;0.024385066409348077;0.018328330816245426
3.85e-07;3.0538395390452026e-05;0.5;0.02441853168957723;0.018332730147242564
3.85e-07;3.0561792584708166e-05;0.5;0.02442287344326231;0.018294896230632955
3.85e-07;3.048894323857796e-05;0.5;0.024401223928746853;0.01835553163111217
3.85e-07;3.052359529534396e-05;0.5;0.02439113365460403;0.018310065831693048
3.85e-07;3.0484079999520817e-05;0.5;0.024392020295672234;0.018254754438566227
3.85e-07;3.050507789653785e-05;0.5;0.024407327984597074;0.0183124053196225
3.85e-07;3.0586265050050736e-05;0.5;0.024482854493348753;0.01829170707721455
3.85e-07;3.0511414915365998e-05;0.5;0.024447773450278158;0.018311121788697846
3.85e-07;3.056151715476167e-05;0.5;0.024444301073963285;0.018330152756543195
3.85e-07;3.052874699481634e-05;0.5;0.024411730274421523;0.01841711938945639
3.85e-07;3.0547808065408434e-05;0.5;0.02442726362924192;0.018329906541042357
3.85e-07;3.057122620539067e-05;0.5;0.02440023336296267;0.01835095656327485
3.85e-07;3.052551537293605e-05;0.5;0.024672916669304237;0.018334993158724968
3.85e-07;3.055781170908547e-05;0.5;0.024421455631285633;0.01838175357732878
3.85e-07;3.0574292268527e-05;0.5;0.024386155052393735;0.018274069091268517
3.85e-07;3.0550586514718185e-05;0.5;0.024434849328774967;0.01827904444475493
3.85e-07;3.0557716231311936e-05;0.5;0.024403926488852735;0.018255330660176008
3.85e-07;3.0515928911642998e-05;0.5;0.024423659207360837;0.018284223600598268
3.85e-07;3.0528323245777154e-05;0.5;0.024452189825425047;0.018279735898853827
3.85e-07;3.0511854279584237e-05;0.5;0.024411149911867696;0.018235857582742862
3.85e-07;3.05293093263829e-05;0.5;0.024412712691610022;0.01826834991522128
3.85e-07;3.058201441809846e-05;0.5;0.024505956742907613;0.01821578926700922
3.85e-07;3.0516489893786745e-05;0.5;0.024440752995876017;0.018281887411459318
3.85e-07;3.054579555559835e-05;0.5;0.02443108260796445;0.018312071154426776
3.85e-07;3.055425168420376e-05;0.5;0.024417257532223135;0.018285419716178492
3.85e-07;3.054131778628496e-05;0.5;0.02443058212639137;0.01830087610140377
3.85e-07;3.05240080207535e-05;0.5;0.02441608929389153;0.01825494981985676
3.85e-07;3.053609868754934e-05;0.5;0.024522643855315857;0.018240438885711106
3.85e-07;3.0536764820115315e-05;0.5;0.02444853540983551;0.01836194989728041
3.85e-07;3.060028176378362e-05;0.5;0.024388543215722917;0.01825340025658489
3.85e-07;3.054343033675409e-05;0.5;0.024434347059825615;0.018245753197981773
3.85e-07;3.05547185255396e-05;0.5;0.024395136438266334;0.018231247797792054
3.85e-07;3.0529326760722706e-05;0.5;0.024433664277981947;0.018212620657307835
3.85e-07;3.052628694384829e-05;0.5;0.02444953116700303;0.018223276678244808
3.85e-07;3.0525741419615945e-05;0.5;0.024420714719965427;0.018226409154831178
3.85e-07;3.052979530370833e-05;0.5;0.02441417080746792;0.018225298020695578
3.85e-07;3.0546164220727974e-05;0.5;0.024517375991588704;0.018196790936289668
3.85e-07;3.0515968622700164e-05;0.5;0.0244094498695879;0.018228262297501314
3.85e-07;3.053351173259528e-05;0.5;0.02440948801842892;0.01828418947078095
3.85e-07;3.0534737460221364e-05;0.5;0.024414805513995465;0.01819599725251906
3.85e-07;3.052111231949238e-05;0.5;0.024419805910734036;0.018238362185857306
3.85e-07;3.0489877733708106e-05;0.5;0.024420615222170584;0.018196199330667795
3.85e-07;3.053313129435468e-05;0.5;0.024359088161494992;0.01819300796926303
3.85e-07;3.0525116101520863e-05;0.5;0.0244427536097786;0.01832774480214178
3.85e-07;3.05336565921366e-05;0.5;0.024404622746153105;0.01823261438532984
3.85e-07;3.052687755570533e-05;0.5;0.024427124389466714;0.018224254841480894
3.85e-07;3.0543872578207174e-05;0.5;0.024395247187892294;0.018214589161080118
3.85e-07;3.053632839184511e-05;0.5;0.024434826926708165;0.01818418767746786
3.85e-07;3.052709948007949e-05;0.5;0.024438223497977505;0.01819521252729901
3.85e-07;3.053290623748342e-05;0.5;0.024421591751286272;0.01822109352233424
3.85e-07;3.053003829237105e-05;0.5;0.024414899865396873;0.01820377207343273
3.85e-07;3.052174465696575e-05;0.5;0.02446203125885349;0.01820836832604452
3.85e-07;3.052442490029572e-05;0.5;0.024398100793870323;0.01819867956989272
3.85e-07;3.0527061209620794e-05;0.5;0.024402037735935685;0.018241046002424748
3.85e-07;3.052052826705965e-05;0.5;0.024413485607958692;0.01816167167203381
3.85e-07;3.051968280721553e-05;0.5;0.024410645653773627;0.018201900271939214
3.85e-07;3.0481480176704925e-05;0.5;0.02442199519520094;0.018181443495246436
3.85e-07;3.053040652387535e-05;0.5;0.02431550423808973;0.01818684487768126
3.85e-07;3.052306144992929e-05;0.5;0.024437076787779264;0.018260348070769025
3.85e-07;3.0499915366223365e-05;0.5;0.024417810801110478;0.018215137427037238
3.85e-07;3.0518986257481264e-05;0.5;0.024417020580415318;0.018195895659272963
3.85e-07;3.0529055662783e-05;0.5;0.024411038222034845;0.018203281560529003
3.85e-07;3.05372354355975e-05;0.5;0.024424932479650642;0.018186486553714968
3.85e-07;3.052800069923793e-05;0.5;0.024410946540439925;0.01818383393007664
3.85e-07;3.053392324150184e-05;0.5;0.024419468201448875;0.018210822335477453
3.85e-07;3.053015978670241e-05;0.5;0.024415264394361348;0.018193009099801302
3.85e-07;3.05103225863082e-05;0.5;0.024434258771343705;0.018210357917056677
3.85e-07;3.053353006790883e-05;0.5;0.02439807934851812;0.01818413378637563
3.85e-07;3.052620349755644e-05;0.5;0.02440601621762574;0.01819861890008691
3.85e-07;3.0515097251362716e-05;0.5;0.0244133072918006;0.018160468810915573
3.85e-07;3.052860137677198e-05;0.5;0.0244097928946782;0.018184582338436502
3.85e-07;3.0489659120031967e-05;0.5;0.024416925263210675;0.018183152635496073
3.85e-07;3.052900065837799e-05;0.5;0.02437587693006643;0.018199702697389963
3.85e-07;3.05247048399956e-05;0.5;0.024424656890030517;0.018195098771150418
3.85e-07;3.0500467410180675e-05;0.5;0.02442348056237827;0.01820099811632302
3.85e-07;3.053094827915852e-05;0.5;0.024412123008073792;0.018179955692688585
3.85e-07;3.0529103323810105e-05;0.5;0.024420084099585834;0.018182946755248206
3.85e-07;3.0537688957473695e-05;0.5;0.024419985256121882;0.01818763599183852
3.85e-07;3.052845185777285e-05;0.5;0.024407766090777064;0.018180133890294006
3.85e-07;3.053564269939582e-05;0.5;0.024420395800272922;0.018190227647645545
3.85e-07;3.053193886032418e-05;0.5;0.02442272786207184;0.018184430904460282
3.85e-07;3.052750947337482e-05;0.5;0.02441612363473301;0.018197447881636634
3.85e-07;3.0540531782838416e-05;0.5;0.024408768672473574;0.018178544597578367
3.85e-07;3.053477198280699e-05;0.5;0.024408499123392966;0.018170395408455157
3.85e-07;3.052270355438272e-05;0.5;0.024418694760059978;0.018168858542372168
3.85e-07;3.053840601017749e-05;0.5;0.024409372884945924;0.018177360612064326
3.85e-07;3.0523950119328346e-05;0.5;0.024420142000455256;0.018184548325123735
3.85e-07;3.05331603589035e-05;0.5;0.02442485510347446;0.018194554232057302
3.85e-07;3.052720586124092e-05;0.5;0.024418627297847703;0.01815928743383788
3.85e-07;3.0517364191827706e-05;0.5;0.024426762930180642;0.018181386590757798
3.85e-07;3.0529117075088704e-05;0.5;0.0244151536237657;0.018164070516687024
3.85e-07;3.052605508323243e-05;0.5;0.02442362961148187;0.01816382908635131
3.85e-07;3.052587602114812e-05;0.5;0.024417096237622223;0.018184543320226326
3.85e-07;3.0526712182786525e-05;0.5;0.024412130196607647;0.01817079318102134
3.85e-07;3.053280734393676e-05;0.5;0.024419512055223996;0.018177165314278446
3.85e-07;3.052996614097773e-05;0.5;0.02442491538546895;0.018166645730493366
3.85e-07;3.053594431238807e-05;0.5;0.024408987288690363;0.018170710738174032
3.85e-07;3.052718466191332e-05;0.5;0.024420002789786708;0.018170785510468683
3.85e-07;3.053515232170122e-05;0.5;0.024411369711357826;0.018156026536057992
3.85e-07;3.052650670589272e-05;0.5;0.024421388494189667;0.018173053408100465
3.85e-07;3.052838056696583e-05;0.5;0.024417870328534787;0.018172061438337102
3.85e-07;3.054044820024512e-05;0.5;0.024421493456439954;0.01817124094895507
3.85e-07;3.053024860693862e-05;0.5;0.024443622168217882;0.018191368050825916
3.85e-07;3.052617006438328e-05;0.5;0.024415656692120067;0.018147204972346506
3.85e-07;3.052863844685078e-05;0.5;0.02442508122282696;0.018164858191683068
3.85e-07;3.052813957760112e-05;0.5;0.02442167332732772;0.018156057928359486
3.85e-07;3.052453096294359e-05;0.5;0.02442540236742989;0.018154270251902863
3.85e-07;3.0520115499671384e-05;0.5;0.024418979311230906;0.01816875472298494
3.85e-07;3.0525261270281455e-05;0.5;0.024417726054942853;0.018165364325349542
3.85e-07;3.052705940782914e-05;0.5;0.02442212938448071;0.018161690201556478
3.85e-07;3.0528323279536106e-05;0.5;0.024425370985038605;0.018155765072115526
3.85e-07;3.053363380720892e-05;0.5;0.024406817446818843;0.01815051205987332
3.85e-07;3.0520318352241635e-05;0.5;0.024428135060138752;0.018164800980482978
3.85e-07;3.0530762867101386e-05;0.5;0.024418391199714253;0.01815648003809526
3.85e-07;3.0528090560181814e-05;0.5;0.024423252574901803;0.018168089714142
3.85e-07;3.052273497022724e-05;0.5;0.02442714296479375;0.018161310396461502
3.85e-07;3.054528447902797e-05;0.5;0.02442331610014907;0.018163960050491555
3.85e-07;3.0527482748045654e-05;0.5;0.024441185093702134;0.018180334543538616
3.85e-07;3.0525587254915943e-05;0.5;0.024420549377824025;0.018147840583243754
3.85e-07;3.0531718513142385e-05;0.5;0.024423773617168663;0.01815654107246995
3.85e-07;3.0527716745103374e-05;0.5;0.024428111362894918;0.018151910020246378
3.85e-07;3.052530458509214e-05;0.5;0.024426271703546006;0.018150774907766048
3.85e-07;3.0518193418753346e-05;0.5;0.024422034733293692;0.018147938833567155
3.85e-07;3.052564063610772e-05;0.5;0.02442059134872318;0.018158842431715
3.85e-07;3.0524541393046924e-05;0.5;0.02442401131176772;0.018151867624587398
3.85e-07;3.052750184881529e-05;0.5;0.02442559878482343;0.018150324742926608
3.85e-07;3.052823043864033e-05;0.5;0.024406721145126986;0.018144272668101192
3.85e-07;3.052389319403719e-05;0.5;0.02443031648925942;0.018154714316586065
3.85e-07;3.052752756657134e-05;0.5;0.024426533945799578;0.0181563067324211
3.85e-07;3.0528977688241465e-05;0.5;0.024426278984394697;0.018154096190782707
3.85e-07;3.0523907878233826e-05;0.5;0.024430896401394314;0.018150971765431182
3.85e-07;3.054531506374797e-05;0.5;0.02442532818531077;0.018156806929623015
3.85e-07;3.052646285444888e-05;0.5;0.02443547244466675;0.018153666081279884
3.85e-07;3.0525853195261704e-05;0.5;0.02442463166908675;0.01815300961742524
3.85e-07;3.053315643250123e-05;0.5;0.024423608192953774;0.01815221675511836
3.85e-07;3.0527473425682386e-05;0.5;0.02443128778435456;0.01814875467296264
3.85e-07;3.052690814602076e-05;0.5;0.02442654492709095;0.018148789078165643
3.85e-07;3.052452862729921e-05;0.5;0.02442573027396701;0.01813893769049447
3.85e-07;3.052739914625466e-05;0.5;0.024422268838742614;0.01815168830380278
3.85e-07;3.052620739022584e-05;0.5;0.02442598809034387;0.018146364950945085
3.85e-07;3.052709113345488e-05;0.5;0.024425712684715845;0.018147604578332147
3.85e-07;3.052495495952164e-05;0.5;0.02441846990108177;0.018144902767718882
3.85e-07;3.052685495545452e-05;0.5;0.024428748708575226;0.018145474382097192
3.85e-07;3.052588635479159e-05;0.5;0.02443010909337403;0.018156130330584223
3.85e-07;3.052940801972084e-05;0.5;0.024427526180506837;0.018144159417685497
3.85e-07;3.052621750769808e-05;0.5;0.024427908227708624;0.018145419447635106
3.85e-07;3.054166931869548e-05;0.5;0.024426400182244113;0.018147802381518502
3.85e-07;3.052645225641234e-05;0.5;0.02442381942294236;0.01813889692841438
3.85e-07;3.052679564017386e-05;0.5;0.024427037174591645;0.018153326107344762
3.85e-07;3.0532087574559636e-05;0.5;0.024424267444319938;0.018149889746520303
3.85e-07;3.052603263599679e-05;0.5;0.024428739327568033;0.01814003849430738
3.85e-07;3.052579277018465e-05;0.5;0.024426498299481077;0.018142681710474156
3.85e-07;3.0527696231572145e-05;0.5;0.024427578044303667;0.018134437118958128
3.85e-07;3.0526562319363415e-05;0.5;0.024426493018557326;0.01814651754463045
3.85e-07;3.052686621394676e-05;0.5;0.024426931677033473;0.018140052238451644
3.85e-07;3.05265294963453e-05;0.5;0.024425775003106286;0.018141328506660715
3.85e-07;3.052295373380452e-05;0.5;0.02442869006283849;0.01814196549695615
3.85e-07;3.0526610704811346e-05;0.5;0.02442715581695563;0.018134933989328757
3.85e-07;3.0524129360627754e-05;0.5;0.024429974394464336;0.018149053868244298
3.85e-07;3.052882418623912e-05;0.5;0.02442718628519717;0.01813496551426735
3.85e-07;3.052609534333573e-05;0.5;0.024426065588325347;0.01813714253772237
3.85e-07;3.053165680600169e-05;0.5;0.02442658229880802;0.01813574955963208
3.85e-07;3.052630940531435e-05;0.5;0.02441799712661274;0.01813155209976255
3.85e-07;3.0526209564723524e-05;0.5;0.024427434537436045;0.01814333144943719
3.85e-07;3.0530013169780805e-05;0.5;0.024425254578949642;0.018141021735038967
3.85e-07;3.0526586894265546e-05;0.5;0.02442681284596944;0.01813357701355399
3.85e-07;3.0525342866675776e-05;0.5;0.024426756238012437;0.018135340660460575
3.85e-07;3.052928003370861e-05;0.5;0.024428501929471994;0.018132186833189956
3.85e-07;3.0526975469549515e-05;0.5;0.024429156356501548;0.018133011934043684
3.85e-07;3.052762886263179e-05;0.5;0.024427799016646646;0.01813231242397224
3.85e-07;3.052720011738705e-05;0.5;0.02442751926640275;0.018132735568778896
3.85e-07;3.052414251313573e-05;0.5;0.02443295775276099;0.018134378044655796
3.85e-07;3.0527115621953825e-05;0.5;0.024426639459383517;0.018129418791101085
3.85e-07;3.052540661739038e-05;0.5;0.02442961730274444;0.018139560350117462
3.85e-07;3.052834287160232e-05;0.5;0.0244271135069385;0.01812992212733922
3.85e-07;3.05268991946732e-05;0.5;0.024426428519594146;0.018132035352687613
3.85e-07;3.0523482570533866e-05;0.5;0.02442670347580947;0.01812852823694215
3.85e-07;3.052663101079154e-05;0.5;0.024416323793480143;0.01812901219921531
3.85e-07;3.0526917729340634e-05;0.5;0.024427768410389305;0.018134492823111536
3.85e-07;3.0527452408271816e-05;0.5;0.02442626515759973;0.01813151860545043
3.85e-07;3.05272334090311e-05;0.5;0.024426136632146607;0.01812766063008819
3.85e-07;3.0526450521002014e-05;0.5;0.024426906152102086;0.018126884893329274
3.85e-07;3.052976870427468e-05;0.5;0.024428186030494868;0.018130624852292363
3.85e-07;3.05272438446846e-05;0.5;0.02443009577026175;0.018124092602963444
3.85e-07;3.05283118431668e-05;0.5;0.024427758974858903;0.01812659378012775
3.85e-07;3.052844009099021e-05;0.5;0.024428373002337554;0.0181279740602468
3.85e-07;3.052844326213112e-05;0.5;0.024432994231427092;0.018129787875658405
3.85e-07;3.0527993535610175e-05;0.5;0.024426769407503175;0.0181267934791902
3.85e-07;3.0527745543006875e-05;0.5;0.024429326383339518;0.01813455735520205
3.85e-07;3.052810221428393e-05;0.5;0.024427077117809164;0.018127400433875153
3.85e-07;3.0527803229929686e-05;0.5;0.024426776073849958;0.018127930465516966
3.85e-07;3.052246585107884e-05;0.5;0.024426893238388737;0.018125717498826646
3.85e-07;3.052791502174898e-05;0.5;0.024416573561607865;0.01812798795371398
3.85e-07;3.0527498205786536e-05;0.5;0.02442735251490871;0.01812581499315546
3.85e-07;3.052688917724156e-05;0.5;0.024426854567736248;0.018126244140209087
3.85e-07;3.0527559340938984e-05;0.5;0.024425839162805725;0.018123260473844136
3.85e-07;3.052750575237765e-05;0.5;0.0244289560305057;0.01812192244690328
3.85e-07;3.0528098635705956e-05;0.5;0.024429862777131574;0.018127269423686008
3.85e-07;3.0527378032252136e-05;0.5;0.024430565477141848;0.018119632937423323
3.85e-07;3.0527586225328054e-05;0.5;0.024429583049319536;0.018121450078701005
3.85e-07;3.0528752752235094e-05;0.5;0.024429714388103832;0.018123388364870485
3.85e-07;3.0530575214250953e-05;0.5;0.024432579969124006;0.018126506624657653
3.85e-07;3.052828885988094e-05;0.5;0.02442945885205119;0.018125391379686242
3.85e-07;3.0528864804066266e-05;0.5;0.024429376545559205;0.01813204360534431
3.85e-07;3.052766602518326e-05;0.5;0.024428245550908084;0.01812517372752174
3.85e-07;3.0527776018117097e-05;0.5;0.024429349609717068;0.018125871870188114
3.85e-07;3.0526159752459605e-05;0.5;0.02442833565321637;0.018123135562007738
3.85e-07;3.052839457993698e-05;0.5;0.02442416468331264;0.018124809002074242
3.85e-07;3.052771437350409e-05;0.5;0.024429505545569195;0.018120726952633285
3.85e-07;3.052677045445101e-05;0.5;0.024430038804393248;0.01812173166476977
3.85e-07;3.05278411940313e-05;0.5;0.024428201250208788;0.01811905420719029
3.85e-07;3.052818982410192e-05;0.5;0.024430503890040912;0.01811919207526309
3.85e-07;3.052696714337899e-05;0.5;0.02443044874712369;0.018121519887609502
3.85e-07;3.052753806050808e-05;0.5;0.02443068819903577;0.018117902076296835
3.85e-07;3.052732024562729e-05;0.5;0.02443043280699781;0.018118724589019926
3.85e-07;3.0528758676767944e-05;0.5;0.0244302808411564;0.018118584199721642
3.85e-07;3.053049643995274e-05;0.5;0.02443026855098851;0.01812057562885736
3.85e-07;3.052801563408703e-05;0.5;0.024430840750702294;0.018124508251519112
3.85e-07;3.052926653008192e-05;0.5;0.024429521597963605;0.01812481328590505
3.85e-07;3.0527471376297656e-05;0.5;0.024429807612847236;0.018123174315007116
3.85e-07;3.0527717906444396e-05;0.5;0.024430670377655197;0.01812240121559666
3.85e-07;3.052843714913843e-05;0.5;0.024429854387057585;0.018121394857040726
3.85e-07;3.0528426628554515e-05;0.5;0.024428750437152504;0.018120525834798312
3.85e-07;3.052782245736287e-05;0.5;0.024430582060899438;0.018118182932372197
3.85e-07;3.0526980409576107e-05;0.5;0.02443110590127539;0.018118539150026446
3.85e-07;3.05287236956955e-05;0.5;0.024429499554954957;0.018116932397530344
3.85e-07;3.052906565215519e-05;0.5;0.024431123900410932;0.01811728511948431
3.85e-07;3.052778435773261e-05;0.5;0.02443068577665757;0.018117769165449032
3.85e-07;3.0527872172355483e-05;0.5;0.02443056439596749;0.01811706285848437
3.85e-07;3.052805952573994e-05;0.5;0.02443070758712047;0.01811727465559526
3.85e-07;3.052876163903437e-05;0.5;0.024430564067682684;0.01811618211714722
3.85e-07;3.053014391123256e-05;0.5;0.024429120313122835;0.01811748211128315
3.85e-07;3.0528425654082575e-05;0.5;0.024431432332674627;0.01812204030285034
3.85e-07;3.0529014146756925e-05;0.5;0.0244302203180653;0.018118966663653095
3.85e-07;3.052756488260046e-05;0.5;0.024430884623812224;0.01811841721967348
3.85e-07;3.0528431712236634e-05;0.5;0.02443102017724306;0.01811837729334947
3.85e-07;3.0529716729414674e-05;0.5;0.02443097928010619;0.018120161601705164
3.85e-07;3.052864336118995e-05;0.5;0.024431965513381303;0.018117478704323724
3.85e-07;3.05279163045107e-05;0.5;0.02443096480456055;0.018117165119988822
3.85e-07;3.052810671688946e-05;0.5;0.024431578527211943;0.0181169810055164
3.85e-07;3.052917245854359e-05;0.5;0.024430342896058246;0.018115136490524705
3.85e-07;3.052924372354634e-05;0.5;0.02443139398099989;0.018115871526655624
3.85e-07;3.052843968834517e-05;0.5;0.02443075120005622;0.01811443886842953
3.85e-07;3.052818809668818e-05;0.5;0.02443050234563018;0.018116421157004042
3.85e-07;3.0528879051072307e-05;0.5;0.024430787560600374;0.018116506105127307
3.85e-07;3.052876312016758e-05;0.5;0.024430705680945825;0.01811498107586001
3.85e-07;3.052970134407543e-05;0.5;0.02442929491791459;0.01811484378354021
3.85e-07;3.052893114996138e-05;0.5;0.02443135565564002;0.018116630669566997
3.85e-07;3.052883364730298e-05;0.5;0.024430864864820406;0.018115184703696018
3.85e-07;3.052784339150597e-05;0.5;0.024431108074470617;0.01811574630841555
3.85e-07;3.052905201566749e-05;0.5;0.024431043813295653;0.018114285664948188
3.85e-07;3.053017956126112e-05;0.5;0.02443126461240786;0.018118054874653552
3.85e-07;3.052882093619196e-05;0.5;0.024432875167053645;0.018115166976593027
3.85e-07;3.052814893006039e-05;0.5;0.02443106323160071;0.018115976523560357
3.85e-07;3.0529177708876604e-05;0.5;0.024431402695271307;0.01811565335304594
3.85e-07;3.0529323415902835e-05;0.5;0.024431042201566413;0.018114182091805136
3.85e-07;3.052924640757303e-05;0.5;0.02443149023310486;0.0181146790199488
3.85e-07;3.052878506897878e-05;0.5;0.02443081673757631;0.018112636673092854
3.85e-07;3.052919962040031e-05;0.5;0.024430702580210635;0.018115001593648827
3.85e-07;3.052933841039507e-05;0.5;0.024430837441411595;0.018114234092925643
3.85e-07;3.0528813428611845e-05;0.5;0.024430834831151906;0.018113890415573417
3.85e-07;3.052927704181419e-05;0.5;0.02443005097789636;0.018113460868106453
3.85e-07;3.052919043464635e-05;0.5;0.024431197201187388;0.01811380318681522
3.85e-07;3.0528917585385356e-05;0.5;0.024431287202668284;0.018112449183645254
3.85e-07;3.052804101816857e-05;0.5;0.024431161932478282;0.01811305061567073
3.85e-07;3.0529362167382915e-05;0.5;0.024431055631321946;0.018112239850747544
3.85e-07;3.05296386508983e-05;0.5;0.024431217742341724;0.01811573403485581
3.85e-07;3.052908540101711e-05;0.5;0.02443241359686694;0.018113683525763813
3.85e-07;3.052852052893311e-05;0.5;0.024431099074429485;0.018114083774907513
3.85e-07;3.052964672496002e-05;0.5;0.024431291866415104;0.018114776801106975
3.85e-07;3.0529435207890056e-05;0.5;0.02443140127134133;0.018112321467859155
3.85e-07;3.052929430852676e-05;0.5;0.02443150406018332;0.018113897566295556
3.85e-07;3.0529474053242995e-05;0.5;0.024430886300555777;0.018111412754842005
3.85e-07;3.052981792486818e-05;0.5;0.024430831516857016;0.018113527264492505
3.85e-07;3.052957879328454e-05;0.5;0.024430928184817492;0.01811242379470605
3.85e-07;3.052896912931011e-05;0.5;0.024431040169829183;0.01811240378438762
3.85e-07;3.052907284086742e-05;0.5;0.024431096801932166;0.018112407987025674
3.85e-07;3.052939671831006e-05;0.5;0.024430976950806028;0.01811094255552151
3.85e-07;3.052939747728463e-05;0.5;0.024431446364654462;0.01811095519983889
3.85e-07;3.052821784394364e-05;0.5;0.024431096960144266;0.018111432997876705
3.85e-07;3.052951724324063e-05;0.5;0.024431061540335093;0.018111216943647222
3.85e-07;3.0529293039108704e-05;0.5;0.024431188839498543;0.018111417183262424
3.85e-07;3.0529452840685786e-05;0.5;0.02443144494517526;0.018111603611595643
3.85e-07;3.052879201937309e-05;0.5;0.02443109289479504;0.018111426628467864
3.85e-07;3.0529658627070605e-05;0.5;0.02443117636117348;0.0181136843919344
3.85e-07;3.0529473924738373e-05;0.5;0.024431605299094616;0.018110550153389277
3.85e-07;3.052942049257191e-05;0.5;0.024431503861755615;0.018111608370624737
3.85e-07;3.052979371347977e-05;0.5;0.02443098732202489;0.018110626621921977
3.85e-07;3.0529917263043575e-05;0.5;0.02443118824517951;0.018112169232235388
3.85e-07;3.052959566674782e-05;0.5;0.024431103139942283;0.01811079822550929
3.85e-07;3.0529147286139975e-05;0.5;0.0244311454855016;0.018110640402613207
3.85e-07;3.0529148900292e-05;0.5;0.024431890174006023;0.018110766337690095
3.85e-07;3.0529500028456404e-05;0.5;0.02443098261585594;0.018109519828712475
3.85e-07;3.052963742323427e-05;0.5;0.024431525945647552;0.01811020820793571
3.85e-07;3.05292083704612e-05;0.5;0.024431184678703814;0.01811028583715327
3.85e-07;3.052948004002346e-05;0.5;0.024431124812701148;0.018110696964463335
3.85e-07;3.052913194776207e-05;0.5;0.024431294616289685;0.018109034199993226
3.85e-07;3.052960380184339e-05;0.5;0.02443096151633774;0.018110530766408187
3.85e-07;3.052950657806293e-05;0.5;0.024431287263522047;0.018109632126233458
3.85e-07;3.052941708004439e-05;0.5;0.02443130048773762;0.018111008487536166
3.85e-07;3.0529394377776975e-05;0.5;0.024431591963954738;0.018108426639491026
3.85e-07;3.0529415126978e-05;0.5;0.02443145166626441;0.01810997378212768
3.85e-07;3.052964954921304e-05;0.5;0.02443110613913789;0.018109489129019125
3.85e-07;3.052980151030023e-05;0.5;0.024431414619541823;0.01811059070041539
3.85e-07;3.052946073191114e-05;0.5;0.024431216465529596;0.01810885202111329
3.85e-07;3.0529229451145914e-05;0.5;0.02443124297135766;0.01810909940906636
3.85e-07;3.052917862710061e-05;0.5;0.024431798424574273;0.0181082777031064
3.85e-07;3.052928313507665e-05;0.5;0.024431059964598982;0.018108746219237585
3.85e-07;3.052958291194496e-05;0.5;0.024431454886277897;0.018109611807522852
3.85e-07;3.0529637286491514e-05;0.5;0.024431294590487485;0.018109141832486214
3.85e-07;3.052931217194134e-05;0.5;0.024431320250402882;0.018109295445591943
3.85e-07;3.052905140208875e-05;0.5;0.024431347504685254;0.018107842708358628
3.85e-07;3.052956895225866e-05;0.5;0.02443102625438114;0.018108701738287897
3.85e-07;3.0529697897326056e-05;0.5;0.024431389415104914;0.01810814225625048
3.85e-07;3.0529278781631195e-05;0.5;0.024431357717264752;0.018109525462994255
3.85e-07;3.052919936286206e-05;0.5;0.02443140485875558;0.0181073015134307
3.85e-07;3.052930869114248e-05;0.5;0.024431424465677958;0.01810742443572071
3.85e-07;3.052928001815705e-05;0.5;0.024431219790512968;0.018107377253963722
3.85e-07;3.0529111240578705e-05;0.5;0.02443151241725744;0.018108344127786304
3.85e-07;3.052911759433201e-05;0.5;0.024431294585853833;0.018107325207140663
3.85e-07;3.052912377331288e-05;0.5;0.02443133648790029;0.01810709834025728
3.85e-07;3.052912027956293e-05;0.5;0.024431354230219752;0.018106752979399954
3.85e-07;3.052894974974596e-05;0.5;0.024431252785461724;0.01810804788542344
3.85e-07;3.052941652712329e-05;0.5;0.02443134891999589;0.018108038602024385
3.85e-07;3.052980900880948e-05;0.5;0.02443139612367691;0.01810813675831958
3.85e-07;3.0528995221941163e-05;0.5;0.024431420730477243;0.018107682827644078
3.85e-07;3.052901112925209e-05;0.5;0.02443137394888304;0.01810724696254133
3.85e-07;3.0529379739078966e-05;0.5;0.024431173916670684;0.01810738776735376
3.85e-07;3.052958120130615e-05;0.5;0.02443139913731137;0.018107238359139917
3.85e-07;3.052912164048806e-05;0.5;0.024431382113421645;0.018108580127892654
3.85e-07;3.0529031445154564e-05;0.5;0.024431274595289564;0.018106581372537876
3.85e-07;3.052909885439066e-05;0.5;0.0244313623172905;0.01810579457758976
3.85e-07;3.052905688180156e-05;0.5;0.02443134392712424;0.018105758399363986
3.85e-07;3.052876902894692e-05;0.5;0.024431417259574404;0.018106534978223787
3.85e-07;3.052894774485655e-05;0.5;0.024431369982523234;0.018106536152665866
3.85e-07;3.052907088802955e-05;0.5;0.0244313858957216;0.018105895566219426
3.85e-07;3.052909110579409e-05;0.5;0.02443113213304249;0.01810599061754673
3.85e-07;3.052894770937841e-05;0.5;0.024431401301224592;0.01810640761696617
3.85e-07;3.0529088913998416e-05;0.5;0.02443129904018766;0.018106277588607275
3.85e-07;3.052954881211458e-05;0.5;0.0244314145542641;0.018106781906342243
3.85e-07;3.052888193276518e-05;0.5;0.0244314220043771;0.01810678567020021
3.85e-07;3.0529050371209345e-05;0.5;0.02443138303560794;0.018106721130910466
3.85e-07;3.0529151174784095e-05;0.5;0.024431263775314863;0.018106291513669534
3.85e-07;3.0529450386711696e-05;0.5;0.024431359878393302;0.018106691400565277
3.85e-07;3.0529042055283164e-05;0.5;0.024431372886812738;0.01810732463588195
3.85e-07;3.0528964552844256e-05;0.5;0.024431292732774414;0.01810552064057121
3.85e-07;3.0528993936014754e-05;0.5;0.024431331243096772;0.018104979648524283
3.85e-07;3.0528982494799185e-05;0.5;0.024431423261236415;0.01810497380562886
3.85e-07;3.0528645535215746e-05;0.5;0.024431361833696114;0.018105063517835588
3.85e-07;3.0528893199144425e-05;0.5;0.024431403228261532;0.018105689622447768
3.85e-07;3.052905389053894e-05;0.5;0.02443139286897978;0.018105270592116144
3.85e-07;3.052908014990973e-05;0.5;0.024431042336014577;0.018105428854406445
3.85e-07;3.052905888394487e-05;0.5;0.024431462006807958;0.01810508080415138
3.85e-07;3.05289264109022e-05;0.5;0.02443131875184685;0.018105185699248887
3.85e-07;3.052899891354998e-05;0.5;0.024431380014679545;0.01810536751999359
3.85e-07;3.0528929058841615e-05;0.5;0.02443137186992989;0.018106315095994162
3.85e-07;3.052907607879578e-05;0.5;0.02443137078556906;0.018105579450565706
3.85e-07;3.0529006694252044e-05;0.5;0.024431396514121642;0.018105250353217445
3.85e-07;3.0529229440468745e-05;0.5;0.024431341061760013;0.018105604382756033
3.85e-07;3.052902881433827e-05;0.5;0.024431359152796782;0.018105179675612846
3.85e-07;3.0529002419848744e-05;0.5;0.024431391005569122;0.01810457478513942
3.85e-07;3.052896807345234e-05;0.5;0.024431441809843163;0.018104594844903572
3.85e-07;3.0528983991230995e-05;0.5;0.024431465749461784;0.018104583396476862
3.85e-07;3.0528874784260475e-05;0.5;0.024431367786222142;0.01810433522054509
3.85e-07;3.0528941279877654e-05;0.5;0.024431447763542207;0.01810521311310254
3.85e-07;3.052904780936156e-05;0.5;0.024431451715244128;0.018104892343892412
3.85e-07;3.052906786143382e-05;0.5;0.024431313077463764;0.018105126101325947
3.85e-07;3.05291144712281e-05;0.5;0.02443149235959964;0.018104417397743985
3.85e-07;3.052890817834309e-05;0.5;0.02443138936936312;0.018104550354010394
3.85e-07;3.0528749438432255e-05;0.5;0.024431378671057973;0.01810460115059235
3.85e-07;3.052902574113189e-05;0.5;0.02443135779012312;0.018104967507278132
3.85e-07;3.052907633953701e-05;0.5;0.024431402511384183;0.018104586219059218
3.85e-07;3.05289460701197e-05;0.5;0.024431467744579553;0.018104702273302083
3.85e-07;3.052896796895851e-05;0.5;0.0244314178821066;0.01810499610160765
3.85e-07;3.052903123261858e-05;0.5;0.02443141715192461;0.01810407895769473
3.85e-07;3.0529034661074594e-05;0.5;0.02443145774802133;0.018103822999603912
3.85e-07;3.05290090172123e-05;0.5;0.024431493311923083;0.018104069194941813
3.85e-07;3.052899998239262e-05;0.5;0.024431454808598912;0.01810416988655372
3.85e-07;3.05290756551519e-05;0.5;0.024431408417738415;0.018103820935549263
3.85e-07;3.052905426931139e-05;0.5;0.024431452879054304;0.018103933863023242
3.85e-07;3.052904136680167e-05;0.5;0.024431459574336158;0.018103912383669
3.85e-07;3.052903906971132e-05;0.5;0.024431490045889393;0.01810436076873166
3.85e-07;3.052909421889518e-05;0.5;0.024431452960883674;0.01810397327277899
3.85e-07;3.052894774736697e-05;0.5;0.024431451912596585;0.0181041774333124
3.85e-07;3.052881866108591e-05;0.5;0.024431386040927015;0.018103817624832146
3.85e-07;3.052907473288377e-05;0.5;0.024431389173887413;0.01810406856742358
3.85e-07;3.052903302189759e-05;0.5;0.024431422309774523;0.018103862564005088
3.85e-07;3.052894287611949e-05;0.5;0.02443146591358973;0.018104142694844085
3.85e-07;3.0528848067992496e-05;0.5;0.02443145572577683;0.018103969544860963
3.85e-07;3.052903244175874e-05;0.5;0.024431446151488522;0.018103528598735676
3.85e-07;3.052904913100424e-05;0.5;0.02443148103885975;0.018103270452287275
3.85e-07;3.052903154140781e-05;0.5;0.024431472565366097;0.018103284955801255
3.85e-07;3.052902394651541e-05;0.5;0.024431440714997563;0.018103861387003223
3.85e-07;3.0529169534354666e-05;0.5;0.024431441703199597;0.018103495543276973
3.85e-07;3.0529097475239765e-05;0.5;0.024431449786951477;0.01810290219479111
3.85e-07;3.0529036281365924e-05;0.5;0.024431459747825842;0.018103060963381132
3.85e-07;3.0529019667371436e-05;0.5;0.02443156877161051;0.018103904748133906
3.85e-07;3.052903745892493e-05;0.5;0.024431427816431726;0.018103482071447498
3.85e-07;3.052904707228828e-05;0.5;0.024431482747358717;0.018103594726042747
3.85e-07;3.052887133840101e-05;0.5;0.024431432033453753;0.018103423612203403
3.85e-07;3.052908788036476e-05;0.5;0.02443144851841703;0.01810357334821143
3.85e-07;3.052901080439328e-05;0.5;0.024431440713892704;0.018103403158282762
3.85e-07;3.052900204020274e-05;0.5;0.024431451813106925;0.018103826167803722
3.85e-07;3.05288194949894e-05;0.5;0.024431471124317;0.018103203153409766
3.85e-07;3.0529033046328815e-05;0.5;0.02443146065127048;0.018103253419256147
3.85e-07;3.0529085241107005e-05;0.5;0.024431475529812213;0.01810288654546704
3.85e-07;3.0529088501603214e-05;0.5;0.02443144024626447;0.01810261906439051
3.85e-07;3.052908903242603e-05;0.5;0.024431433911803014;0.018102929427645534
3.85e-07;3.052917700738263e-05;0.5;0.024431463712497818;0.018103202238091795
3.85e-07;3.0529119078203954e-05;0.5;0.024431448240900065;0.018102386360675043
3.85e-07;3.052908514587129e-05;0.5;0.024431451418090225;0.018102505585376467
3.85e-07;3.052908705664063e-05;0.5;0.02443158175386564;0.01810320149580051
3.85e-07;3.052902460514267e-05;0.5;0.024431427684696753;0.018102932468232618
3.85e-07;3.052912360342289e-05;0.5;0.024431469665056993;0.01810328381682421
3.85e-07;3.052905865074102e-05;0.5;0.0244314642716284;0.018103125804776965
3.85e-07;3.052909905741429e-05;0.5;0.024431478534240166;0.018103273831830836
3.85e-07;3.05290422572408e-05;0.5;0.024431452704818456;0.018102704782712333
3.85e-07;3.052905054761126e-05;0.5;0.024431443929011577;0.01810351824361981
3.85e-07;3.0528839207197166e-05;0.5;0.024431471054490245;0.01810270965720783
3.85e-07;3.052909377252686e-05;0.5;0.024431466632650802;0.018102794632138146
3.85e-07;3.0529124813199136e-05;0.5;0.02443144742097537;0.018102592799268426
3.85e-07;3.052911752563382e-05;0.5;0.024431425568961343;0.01810217864318961
3.85e-07;3.0529125030331844e-05;0.5;0.024431441986201063;0.018101956666868896
3.85e-07;3.052916915681276e-05;0.5;0.0244314680425017;0.01810269097391463
3.85e-07;3.0529129879686045e-05;0.5;0.02443144746787436;0.01810212844361701
3.85e-07;3.0529137548895056e-05;0.5;0.02443144532546947;0.018102162912148913
3.85e-07;3.0529140347787054e-05;0.5;0.024431547324655557;0.01810236395972553
3.85e-07;3.052907543823532e-05;0.5;0.02443143974188802;0.018102121836938483
3.85e-07;3.0529158937259524e-05;0.5;0.02443144416656504;0.018102312016356772
3.85e-07;3.052919471086377e-05;0.5;0.024431466788161344;0.018102607804402884
3.85e-07;3.052911300538379e-05;0.5;0.024431480308283498;0.018102774620271055
3.85e-07;3.052907607036652e-05;0.5;0.024431458558352187;0.018102170401557236
3.85e-07;3.052908603192157e-05;0.5;0.024431442500282098;0.018102838667865356
3.85e-07;3.0529015188222836e-05;0.5;0.024431450458061593;0.01810233799529972
3.85e-07;3.05291463694794e-05;0.5;0.0244314567338007;0.018102541903983926
3.85e-07;3.052915096377012e-05;0.5;0.024431521423918436;0.018102330575809053
3.85e-07;3.052913872391483e-05;0.5;0.02443142728899461;0.01810211335751293
3.85e-07;3.052914441614117e-05;0.5;0.024431532413485658;0.01810171567901567
3.85e-07;3.0529150478032296e-05;0.5;0.024431498251732516;0.018102265830480007
3.85e-07;3.052914185079645e-05;0.5;0.024431533336953463;0.01810219574893377
3.85e-07;3.0529164865143725e-05;0.5;0.024431525517664608;0.018102076555045525
3.85e-07;3.052916699336027e-05;0.5;0.024431530110050514;0.01810194519168804
3.85e-07;3.052910579106474e-05;0.5;0.02443152570663132;0.018101918304923515
3.85e-07;3.05291598361354e-05;0.5;0.02443153023099269;0.018101828044820325
3.85e-07;3.052926094534175e-05;0.5;0.024431524406070756;0.018102165956659515
3.85e-07;3.0529138949329167e-05;0.5;0.024431543040515577;0.01810217281146004
3.85e-07;3.052915290766165e-05;0.5;0.024431522875135385;0.018102038265785884
3.85e-07;3.052914510999024e-05;0.5;0.024431499507651586;0.018102088541505038
3.85e-07;3.052922668390088e-05;0.5;0.02443144690212655;0.018102173691184144
3.85e-07;3.0529172652020744e-05;0.5;0.024431499273510966;0.018102377712753432
3.85e-07;3.052915909956719e-05;0.5;0.0244315655879311;0.018101673526329767
3.85e-07;3.052915179469155e-05;0.5;0.02443151520148004;0.018101946687623504
3.85e-07;3.052915410904583e-05;0.5;0.024431577627127957;0.018101595185089057
3.85e-07;3.0529139122855175e-05;0.5;0.024431524599489073;0.018102013356561232
3.85e-07;3.05291496857064e-05;0.5;0.024431575516965388;0.01810196246709665
3.85e-07;3.052917580894704e-05;0.5;0.0244315717339125;0.018102001141929197
3.85e-07;3.052917405948903e-05;0.5;0.024431522144398508;0.018101618552357528
3.85e-07;3.05291488938235e-05;0.5;0.02443157022298486;0.01810171901737473
3.85e-07;3.052915140606027e-05;0.5;0.02443157515615358;0.018101573909645816
3.85e-07;3.052921290637859e-05;0.5;0.024431558663140392;0.01810161934573953
3.85e-07;3.052915588677421e-05;0.5;0.02443156506944737;0.018101770270147154
3.85e-07;3.0529188333213586e-05;0.5;0.024431562913267316;0.018101914602043943
3.85e-07;3.052917440303518e-05;0.5;0.02443155835118853;0.018101382443166537
3.85e-07;3.052932879581026e-05;0.5;0.02443147339589365;0.018101884406721443
3.85e-07;3.052916913513478e-05;0.5;0.0244315334792942;0.01810166137790457
3.85e-07;3.052917269661632e-05;0.5;0.024431581282499552;0.01810105785753471
3.85e-07;3.052916483586581e-05;0.5;0.024431600635941228;0.018101797132184353
3.85e-07;3.05291717437283e-05;0.5;0.02443159319646688;0.018101413271635388
3.85e-07;3.0529160574621855e-05;0.5;0.024431552269704792;0.01810162399028848
3.85e-07;3.052915662645844e-05;0.5;0.024431596133266027;0.01810171166037387
3.85e-07;3.052918038237779e-05;0.5;0.0244315943451162;0.01810186151080347
3.85e-07;3.052917762444106e-05;0.5;0.024431524755542392;0.018101308189583283
3.85e-07;3.0529176296169874e-05;0.5;0.024431581345972217;0.018101453505367994
3.85e-07;3.052916591644072e-05;0.5;0.02443158471901796;0.018101354176463264
3.85e-07;3.0529174510968846e-05;0.5;0.024431575638334337;0.01810124300889849
3.85e-07;3.052917086782161e-05;0.5;0.02443157024358131;0.01810146017523706
3.85e-07;3.052920079014162e-05;0.5;0.024431580675637034;0.01810132227993556
3.85e-07;3.0529189049557644e-05;0.5;0.024431587772956998;0.018101029393997287
3.85e-07;3.052932939541448e-05;0.5;0.024431567278601733;0.018101421297290306
3.85e-07;3.052917093636392e-05;0.5;0.024431566222063866;0.018101129249204175
3.85e-07;3.052918187257284e-05;0.5;0.02443159221408748;0.018100741037875182
3.85e-07;3.052918663898225e-05;0.5;0.024431641146095286;0.01810158472215008
3.85e-07;3.05291902031159e-05;0.5;0.024431600329599644;0.01810122212546218
3.85e-07;3.052918323192602e-05;0.5;0.024431578165796358;0.018101341929920276
3.85e-07;3.052916283328743e-05;0.5;0.024431604834344107;0.018101254415103164
3.85e-07;3.052918767481565e-05;0.5;0.024431602522882297;0.018101134091172127
3.85e-07;3.052918918478477e-05;0.5;0.024431572403607153;0.01810109242976488
3.85e-07;3.0529194827036216e-05;0.5;0.024431590554534373;0.01810092214344685
3.85e-07;3.0529183039570106e-05;0.5;0.024431591945265358;0.018101084990212034
3.85e-07;3.052915937055953e-05;0.5;0.02443158958645769;0.01810098060731116
3.85e-07;3.052918861581621e-05;0.5;0.024431589492527033;0.01810095646958788
3.85e-07;3.0529199880295284e-05;0.5;0.024431593540994643;0.018100905410187686
3.85e-07;3.0529196372818877e-05;0.5;0.024431602483841235;0.01810085286941266
3.85e-07;3.052922813495437e-05;0.5;0.024431614448912432;0.01810107502021369
3.85e-07;3.052918478044838e-05;0.5;0.024431591916309326;0.01810076639432798
3.85e-07;3.0529186460551106e-05;0.5;0.024431597679881442;0.018100582628045418
3.85e-07;3.0529195727131577e-05;0.5;0.02443163788012139;0.018101130095207526
3.85e-07;3.052919790400895e-05;0.5;0.0244316035182428;0.018100714326566417
3.85e-07;3.0529193953021245e-05;0.5;0.024431592864943546;0.01810092499621303
3.85e-07;3.0529173722735225e-05;0.5;0.024431598426232853;0.01810081808519113
3.85e-07;3.0529187486722875e-05;0.5;0.024431599056346457;0.018100382063323563
3.85e-07;3.052918889235811e-05;0.5;0.02443161090634734;0.018100716704859222
3.85e-07;3.052919256746802e-05;0.5;0.024431595297348983;0.018100535791270772
3.85e-07;3.052919151122322e-05;0.5;0.024431595732984993;0.018100808995448504
3.85e-07;3.052917127442773e-05;0.5;0.024431599033370086;0.018100716537665828
3.85e-07;3.0529194738629036e-05;0.5;0.024431601735951946;0.018100661852215594
3.85e-07;3.0529190128630815e-05;0.5;0.024431598695102717;0.01810058135031561
3.85e-07;3.052918962245083e-05;0.5;0.024431601979105665;0.018100759772142566
3.85e-07;3.052913869330291e-05;0.5;0.02443163160957201;0.018100686973001927
3.85e-07;3.05291898857193e-05;0.5;0.02443160486962058;0.01810058218152694
3.85e-07;3.052918877039415e-05;0.5;0.024431600821557497;0.018100366970737865
3.85e-07;3.0529198867880976e-05;0.5;0.024431618538553336;0.018100846930206773
3.85e-07;3.0529201149684696e-05;0.5;0.024431602993980114;0.018100352092471454
3.85e-07;3.052919418063084e-05;0.5;0.024431602794059523;0.018100284428522916
3.85e-07;3.0529189525277625e-05;0.5;0.024431595674542634;0.018100565483368407
3.85e-07;3.052918739267649e-05;0.5;0.02443159732307854;0.01810000604939928
3.85e-07;3.0529188267260924e-05;0.5;0.024431623979979836;0.01810039470749724
3.85e-07;3.052918824323072e-05;0.5;0.0244315992935718;0.018100314357299915
3.85e-07;3.052919505910305e-05;0.5;0.024431599520073125;0.01810024785286692
3.85e-07;3.052919023184833e-05;0.5;0.024431603772940815;0.018100387959306984
3.85e-07;3.052919619293833e-05;0.5;0.02443160524028033;0.01810048043057897
3.85e-07;3.052918376606428e-05;0.5;0.024431601591343707;0.01810035996823013
3.85e-07;3.0529185186670244e-05;0.5;0.02443159962946109;0.01810047804291154
3.85e-07;3.052910248914994e-05;0.5;0.02443161805134081;0.0181003463998614
3.85e-07;3.052919128667262e-05;0.5;0.02443160573213368;0.018100371517451683
3.85e-07;3.05291886954131e-05;0.5;0.024431600110035794;0.018100183171130067
3.85e-07;3.0529191545172165e-05;0.5;0.02443160839746701;0.01810059322312439
3.85e-07;3.0529191727168354e-05;0.5;0.0244315995156947;0.01810001564106382
3.85e-07;3.052919422118459e-05;0.5;0.024431602958593594;0.018099738194613125
3.85e-07;3.052919546838264e-05;0.5;0.024431595831376992;0.01809990566944984
3.85e-07;3.052918734565329e-05;0.5;0.02443159645644458;0.01809981804243714
3.85e-07;3.0529187731147134e-05;0.5;0.024431621540327762;0.01810000382640518
3.85e-07;3.052918539134636e-05;0.5;0.024431599839242712;0.018100155681762188
3.85e-07;3.05291939724374e-05;0.5;0.024431600561974853;0.018099745655238763
3.85e-07;3.0529197669548324e-05;0.5;0.024431600076328733;0.018100022330520455
3.85e-07;3.052919100707863e-05;0.5;0.02443159912971287;0.018100204216519696
3.85e-07;3.0529181818899324e-05;0.5;0.024431601358707925;0.018100056865747942
3.85e-07;3.052918434957207e-05;0.5;0.024431597806214907;0.01809989198617253
3.85e-07;3.0529104893420886e-05;0.5;0.02443159903434447;0.018099875399385616
3.85e-07;3.05291916701256e-05;0.5;0.024431604471792493;0.01810012704003625
3.85e-07;3.052919367461887e-05;0.5;0.02443160125831269;0.018099762061709556
3.85e-07;3.052919010090582e-05;0.5;0.02443160035208328;0.018099876287805496
3.85e-07;3.052918920213153e-05;0.5;0.02443159877664841;0.018099575630698528
3.85e-07;3.052919424146146e-05;0.5;0.024431603040860627;0.01809946507765823
3.85e-07;3.0529197274408274e-05;0.5;0.02443159916054302;0.018099530331133123
3.85e-07;3.0529194105756505e-05;0.5;0.024431599560290108;0.018099653798843113
3.85e-07;3.052919331125624e-05;0.5;0.024431605078094144;0.018099610220610476
3.85e-07;3.052919094012293e-05;0.5;0.02443160091572778;0.01809991932124749
3.85e-07;3.05291934504063e-05;0.5;0.024431603187119292;0.018099488765084347
3.85e-07;3.052919970523483e-05;0.5;0.024431599739249594;0.018099810572427943
3.85e-07;3.052919085055986e-05;0.5;0.024431598396862243;0.0180998011961117
3.85e-07;3.052918697532395e-05;0.5;0.0244316017881893;0.018099889101246547
3.85e-07;3.052919239450092e-05;0.5;0.024431597625345615;0.018099468146630496
3.85e-07;3.052911882090351e-05;0.5;0.024431590267843584;0.018099518205085634
3.85e-07;3.052919370597569e-05;0.5;0.024431602902753924;0.018099808561988492
3.85e-07;3.052919602474898e-05;0.5;0.0244316002645788;0.01809928204967764
3.85e-07;3.0529190613891863e-05;0.5;0.024431594750338764;0.018099149697241242
3.85e-07;3.0529191100831074e-05;0.5;0.024431597911269663;0.01809934876489234
3.85e-07;3.052919347359073e-05;0.5;0.02443159773739476;0.018099330564656655
3.85e-07;3.0529194154491406e-05;0.5;0.024431600143563548;0.01809932283934375
3.85e-07;3.0529196987990175e-05;0.5;0.02443159999317165;0.018099427644344402
3.85e-07;3.052919573711293e-05;0.5;0.024431591595883123;0.018099322889776157
3.85e-07;3.0529194806220375e-05;0.5;0.024431600820889413;0.018099401267029525
3.85e-07;3.0529192167381006e-05;0.5;0.02443160251546365;0.01809935496239914
3.85e-07;3.0529195482398076e-05;0.5;0.024431599045870226;0.01809940739260832
3.85e-07;3.052919182268413e-05;0.5;0.024431597681704463;0.018099562774312124
3.85e-07;3.0529194961183684e-05;0.5;0.024431600297944635;0.018099566470613317
3.85e-07;3.052919641696534e-05;0.5;0.02443159753491097;0.01809925622685948
3.85e-07;3.052914423051139e-05;0.5;0.024431586434146543;0.018099310602606892
3.85e-07;3.0529194307378264e-05;0.5;0.02443160025886829;0.018099356296864672
3.85e-07;3.052919719981404e-05;0.5;0.024431599767711854;0.018099042043661685
3.85e-07;3.052919248995241e-05;0.5;0.02443159560474244;0.01809881271880675
3.85e-07;3.052919208580422e-05;0.5;0.024431598030874933;0.01809923476075885
3.85e-07;3.052919526212873e-05;0.5;0.02443159683689566;0.01809924493775935
3.85e-07;3.0529193169273415e-05;0.5;0.024431600636508954;0.018099186312769532
3.85e-07;3.0529197746372423e-05;0.5;0.024431600370319606;0.01809920132690905
3.85e-07;3.052919722210004e-05;0.5;0.024431587011584096;0.018099155293682393
3.85e-07;3.052919679115822e-05;0.5;0.024431600397874797;0.018099077967280858
3.85e-07;3.0529195188603106e-05;0.5;0.024431600707008803;0.018099275301600937
3.85e-07;3.052919358818036e-05;0.5;0.024431598737781373;0.018099140633743904
3.85e-07;3.052919378258928e-05;0.5;0.024431598807154748;0.01809937765842564
3.85e-07;3.0529199063440264e-05;0.5;0.02443159952465049;0.018099204879655276
3.85e-07;3.052919810088098e-05;0.5;0.02443159783055336;0.01809917269221621
3.85e-07;3.052920476356386e-05;0.5;0.024431592727261912;0.01809918392637955
3.85e-07;3.052919573305289e-05;0.5;0.02443159894045345;0.018099076613560857
3.85e-07;3.052919769054626e-05;0.5;0.024431598868627415;0.01809870551382435
3.85e-07;3.052919342798268e-05;0.5;0.024431596031944277;0.018098644229589504
3.85e-07;3.052919261900344e-05;0.5;0.02443159672858926;0.018099034578452487
3.85e-07;3.052919389229111e-05;0.5;0.024431595567942197;0.01809898953150411
3.85e-07;3.0529192410850475e-05;0.5;0.024431596322191967;0.01809902832395767
3.85e-07;3.0529195349743684e-05;0.5;0.02443159646564011;0.018099022575696098
3.85e-07;3.052919597858951e-05;0.5;0.02443159022782449;0.01809879598096737
3.85e-07;3.052919549915318e-05;0.5;0.0244315956231033;0.018098774235665565
3.85e-07;3.052919635335623e-05;0.5;0.02443159610571576;0.018099056967278326
3.85e-07;3.05291922681622e-05;0.5;0.02443159786609487;0.018098933612735728
3.85e-07;3.052919377264397e-05;0.5;0.024431596719720734;0.018098990243348143
3.85e-07;3.0529194669401006e-05;0.5;0.024431599051529532;0.01809865563277503
3.85e-07;3.052919887958482e-05;0.5;0.024431596410543398;0.01809912575326482
3.85e-07;3.052922583732121e-05;0.5;0.024431598688984348;0.018098960048764705
3.85e-07;3.0529195769432415e-05;0.5;0.024431596631833714;0.018098913700521184
3.85e-07;3.052919405435913e-05;0.5;0.024431597263120917;0.018098487530932673
3.85e-07;3.052919389699782e-05;0.5;0.024431596245545195;0.018098559984980882
3.85e-07;3.052919354554763e-05;0.5;0.02443159539928956;0.018098661066343315
3.85e-07;3.0529193034115736e-05;0.5;0.024431595075766744;0.018098578524808014
3.85e-07;3.05291928119832e-05;0.5;0.02443159414275031;0.018098790130283246
3.85e-07;3.052919397594779e-05;0.5;0.024431594419129243;0.018098752639231615
3.85e-07;3.052919462297964e-05;0.5;0.024431594899114884;0.018098482398582152
3.85e-07;3.052919358530145e-05;0.5;0.024431593579443734;0.01809857346081626
3.85e-07;3.052919447162056e-05;0.5;0.02443159377748278;0.01809864567238082
3.85e-07;3.0529192564041486e-05;0.5;0.024431596159526035;0.018098625808111207
3.85e-07;3.0529193562669384e-05;0.5;0.02443159529637925;0.018098522500763638
3.85e-07;3.0529192313067006e-05;0.5;0.02443159874348729;0.01809837615755377
3.85e-07;3.05291949858741e-05;0.5;0.024431595517933148;0.018098723974359316
3.85e-07;3.0529217550866074e-05;0.5;0.02443160078105407;0.018098815078125594
3.85e-07;3.052919430713053e-05;0.5;0.02443159509865235;0.01809859740338704
3.85e-07;3.052919126527046e-05;0.5;0.024431596604777332;0.01809832526440156
3.85e-07;3.052919263014156e-05;0.5;0.02443159840919586;0.01809844835279173
3.85e-07;3.052919317422716e-05;0.5;0.024431596540960023;0.018098277518597876
3.85e-07;3.052919212026981e-05;0.5;0.02443159724411857;0.01809823767685066
3.85e-07;3.0529192876327335e-05;0.5;0.024431594242698886;0.018098390778311588
3.85e-07;3.0529192861425084e-05;0.5;0.024431594130302107;0.01809828539178342
3.85e-07;3.05291923369522e-05;0.5;0.024431599088005556;0.01809823204351058
3.85e-07;3.0529191924145046e-05;0.5;0.02443159428642571;0.018098399424078527
3.85e-07;3.05291917107733e-05;0.5;0.02443159721791527;0.018098347341785663
3.85e-07;3.052919252411521e-05;0.5;0.02443159785196149;0.018098421998782307
3.85e-07;3.0529193084513823e-05;0.5;0.02443159469618744;0.018098263955629978
3.85e-07;3.0529191134900006e-05;0.5;0.024431598589466173;0.018098236419943143
3.85e-07;3.052919149405412e-05;0.5;0.024431597142594724;0.0180985207141324
3.85e-07;3.0529210795696144e-05;0.5;0.024431600851208702;0.018098606315919686
3.85e-07;3.0529193422616816e-05;0.5;0.02443159621493729;0.018098382587188593
3.85e-07;3.0529189827453254e-05;0.5;0.024431597726417897;0.018098188649531183
3.85e-07;3.052919177837698e-05;0.5;0.024431599671201978;0.01809822698934383
3.85e-07;3.052919231887943e-05;0.5;0.0244315971591959;0.018098074812702643
3.85e-07;3.0529191443717404e-05;0.5;0.02443159921417332;0.018098066447647415
3.85e-07;3.052919120846933e-05;0.5;0.02443159554404959;0.018098149482593175
3.85e-07;3.0529192046693434e-05;0.5;0.02443159688658357;0.018098050786603374
3.85e-07;3.0529190248737654e-05;0.5;0.024431600699502558;0.018098108756100857
3.85e-07;3.0529190558908854e-05;0.5;0.02443159856989547;0.01809817026666152
3.85e-07;3.052918988719918e-05;0.5;0.024431599137796065;0.018098185725679325
3.85e-07;3.052919139590551e-05;0.5;0.02443159915867877;0.018098308384718303
3.85e-07;3.052919256081667e-05;0.5;0.024431597672798153;0.01809810967870687
3.85e-07;3.05291905458165e-05;0.5;0.02443159851245561;0.01809816655113783
3.85e-07;3.0529189440722954e-05;0.5;0.02443159882767158;0.018098149474995603
3.85e-07;3.0529199474885223e-05;0.5;0.0244316005811447;0.018098166248400445
3.85e-07;3.0529192321093985e-05;0.5;0.02443159845860035;0.018098188798240107
3.85e-07;3.052918910903436e-05;0.5;0.024431597860945047;0.018098048123685834
3.85e-07;3.052919153433989e-05;0.5;0.024431598773105828;0.01809800125229833
3.85e-07;3.05291917982237e-05;0.5;0.024431597299674597;0.01809795296232308
3.85e-07;3.052919147809547e-05;0.5;0.0244315994892289;0.018097970806392596
3.85e-07;3.052919060294003e-05;0.5;0.02443159624887014;0.018097951026168728
3.85e-07;3.052919163932761e-05;0.5;0.0244315982647243;0.01809793348401335
3.85e-07;3.052918951972781e-05;0.5;0.024431601326313584;0.018098042062322246
3.85e-07;3.0529190750421235e-05;0.5;0.024431599467982842;0.018098036213728932
3.85e-07;3.052919051139708e-05;0.5;0.024431598968387272;0.018098091694772642
3.85e-07;3.0529191436572166e-05;0.5;0.024431598776319844;0.018098247948960373
3.85e-07;3.052919218897766e-05;0.5;0.024431598654393313;0.018098014870685127
3.85e-07;3.052919087603003e-05;0.5;0.02443159721578188;0.018098122582048255
3.85e-07;3.052918949602452e-05;0.5;0.024431597936991244;0.0180979341256446
3.85e-07;3.052919202253705e-05;0.5;0.024431600410479155;0.018097886209350277
3.85e-07;3.0529191607525844e-05;0.5;0.024431598488080145;0.018098026054645954
3.85e-07;3.0529190805929906e-05;0.5;0.024431598116707812;0.018097959791998523
3.85e-07;3.0529191500712306e-05;0.5;0.02443159895506849;0.01809778487431086
3.85e-07;3.0529191727357886e-05;0.5;0.024431598689452497;0.018097840622823772
3.85e-07;3.052919179896835e-05;0.5;0.02443160027084694;0.01809789063892622
3.85e-07;3.05291911192387e-05;0.5;0.02443159698582363;0.018097843517719838
3.85e-07;3.052919146209538e-05;0.5;0.024431599831246945;0.01809786017596249
3.85e-07;3.052918985816621e-05;0.5;0.024431601036656574;0.01809785472765812
3.85e-07;3.052919201598187e-05;0.5;0.024431600854382667;0.01809784289478323
3.85e-07;3.052919179307413e-05;0.5;0.024431599757662292;0.01809798400185398
3.85e-07;3.05291915936004e-05;0.5;0.02443159947824919;0.018098056369906558
3.85e-07;3.052919200142096e-05;0.5;0.024431600134589115;0.018097871657499643
3.85e-07;3.0529192081722725e-05;0.5;0.024431599705637796;0.018097934598759073
3.85e-07;3.052919027428219e-05;0.5;0.024431599001394768;0.018097801424739313
3.85e-07;3.0529188296362964e-05;0.5;0.024431600325146383;0.01809774618982519
3.85e-07;3.052919156129002e-05;0.5;0.02443159991055254;0.01809783205429969
3.85e-07;3.0529190651288815e-05;0.5;0.02443159826355149;0.018097860680507772
3.85e-07;3.0529191435983065e-05;0.5;0.02443160003186941;0.01809764489021808
3.85e-07;3.052918971221101e-05;0.5;0.02443159975876207;0.018097709192798572
3.85e-07;3.052918968675494e-05;0.5;0.02443160070609788;0.018097785268935983
3.85e-07;3.052919134613416e-05;0.5;0.024431598570690733;0.01809778472825539
3.85e-07;3.052918917406981e-05;0.5;0.02443160092645146;0.018097713264883096
3.85e-07;3.05291886519704e-05;0.5;0.024431600328314883;0.018097692969823345
3.85e-07;3.052918897245614e-05;0.5;0.02443160152219051;0.018097666386283944
3.85e-07;3.0529191909940866e-05;0.5;0.02443160017686533;0.01809789570747822
3.85e-07;3.052919075976043e-05;0.5;0.024431600268946134;0.018097906958716107
3.85e-07;3.052918872424479e-05;0.5;0.024431600902697675;0.018097719791533472
3.85e-07;3.052918946435556e-05;0.5;0.024431601246344154;0.018097736615642936
3.85e-07;3.052919055033177e-05;0.5;0.024431600677970237;0.018097703417216372
3.85e-07;3.052918643327592e-05;0.5;0.02443160028248;0.01809767618006265
3.85e-07;3.0529190216630945e-05;0.5;0.02443160062338436;0.018097727421978533
3.85e-07;3.052918965732892e-05;0.5;0.02443159934485975;0.01809769011088082
3.85e-07;3.052918974348473e-05;0.5;0.024431600618243687;0.018097583155396568
3.85e-07;3.05291883620005e-05;0.5;0.02443160093190355;0.01809764949598075
3.85e-07;3.052918803695375e-05;0.5;0.024431600932393792;0.018097692306727933
3.85e-07;3.052919067345178e-05;0.5;0.024431601590600153;0.0180977493310095
3.85e-07;3.052918764276062e-05;0.5;0.024431601466884674;0.01809764092395448
3.85e-07;3.0529188107599686e-05;0.5;0.024431600380167243;0.018097636116565903
3.85e-07;3.052918723166879e-05;0.5;0.024431601614127097;0.018097608013055627
3.85e-07;3.052918990443594e-05;0.5;0.024431600564936692;0.01809778771730397
3.85e-07;3.052918979359188e-05;0.5;0.024431601113328462;0.018097666052105672
3.85e-07;3.0529187085656705e-05;0.5;0.024431601286751956;0.018097643858550387
3.85e-07;3.0529187891681135e-05;0.5;0.024431601861319617;0.018097636473152913
3.85e-07;3.0529190450814846e-05;0.5;0.024431601545917794;0.01809766713331341
3.85e-07;3.052918635650046e-05;0.5;0.024431600584227584;0.01809766326098857
3.85e-07;3.0529189370093817e-05;0.5;0.024431601255954873;0.01809767385096279
3.85e-07;3.0529188173163986e-05;0.5;0.02443160071084139;0.01809757911651363
3.85e-07;3.0529188053286503e-05;0.5;0.02443160134689101;0.018097574482210062
3.85e-07;3.052918716119518e-05;0.5;0.024431601641027784;0.018097585840206022
3.85e-07;3.0529186919670435e-05;0.5;0.024431601255766912;0.018097600334489844
3.85e-07;3.052918738658953e-05;0.5;0.0244316031195053;0.01809762185836801
3.85e-07;3.0529186508170214e-05;0.5;0.024431601770750228;0.018097592116895447
3.85e-07;3.0529187418153065e-05;0.5;0.024431601020492338;0.018097588514932726
3.85e-07;3.052918636127512e-05;0.5;0.02443160166009539;0.018097578826441467
3.85e-07;3.052918786158674e-05;0.5;0.02443160137864706;0.018097627722378187
3.85e-07;3.052918719633107e-05;0.5;0.024431601709151502;0.01809750658799058
3.85e-07;3.05291862667274e-05;0.5;0.024431601659082026;0.018097587686741346
3.85e-07;3.052918689501503e-05;0.5;0.02443160196369433;0.018097579960035987
3.85e-07;3.052918882174398e-05;0.5;0.024431601995055254;0.018097642143627937
3.85e-07;3.0529186614886486e-05;0.5;0.02443160118875181;0.018097607430152117
3.85e-07;3.052918703952404e-05;0.5;0.024431601848222167;0.0180976302695489
3.85e-07;3.052918690608667e-05;0.5;0.024431601958746326;0.018097523434073837
3.85e-07;3.052918620660286e-05;0.5;0.024431601726210405;0.018097571193570514
3.85e-07;3.052918636406498e-05;0.5;0.024431602002530525;0.01809755130806369
3.85e-07;3.052918602164631e-05;0.5;0.024431601479841237;0.01809753319342872
3.85e-07;3.052918511088748e-05;0.5;0.024431603812986022;0.018097539968341195
3.85e-07;3.052918579534383e-05;0.5;0.024431601831220104;0.01809756592852745
3.85e-07;3.052918639239902e-05;0.5;0.02443160167601178;0.01809756046492129
3.85e-07;3.0529185926078283e-05;0.5;0.024431601683079535;0.018097564233134387
3.85e-07;3.052918655544446e-05;0.5;0.02443160192865844;0.018097499110696327
3.85e-07;3.052918522648791e-05;0.5;0.024431601969590464;0.018097488528107865
3.85e-07;3.052918588667066e-05;0.5;0.024431601845254194;0.01809755140445675
3.85e-07;3.052918602088663e-05;0.5;0.024431601784373345;0.018097551111169917
3.85e-07;3.0529186487735246e-05;0.5;0.02443160209164843;0.01809760457339791
3.85e-07;3.052918666132478e-05;0.5;0.024431601617887492;0.018097556074517792
3.85e-07;3.052918533170023e-05;0.5;0.024431601993266844;0.01809760021308934
3.85e-07;3.0529185608862466e-05;0.5;0.02443160259120239;0.018097486481913713
3.85e-07;3.052918511460149e-05;0.5;0.024431602053863275;0.01809749685731272
3.85e-07;3.052918488334675e-05;0.5;0.02443160217312531;0.018097501134784116
3.85e-07;3.052918531144318e-05;0.5;0.024431602060339445;0.018097487335960512
3.85e-07;3.052918405171006e-05;0.5;0.02443160365852865;0.01809745934318055
3.85e-07;3.052918534798512e-05;0.5;0.024431601981161483;0.01809752824465611
3.85e-07;3.052918528163335e-05;0.5;0.024431602276524737;0.018097488454706736
3.85e-07;3.052918511048673e-05;0.5;0.024431601875229497;0.0180974889633851
3.85e-07;3.0529185036586366e-05;0.5;0.02443160221422583;0.018097428268783203
3.85e-07;3.052918424156633e-05;0.5;0.024431602099809945;0.018097479498166508
3.85e-07;3.052918566308714e-05;0.5;0.024431601990686072;0.018097483849474065
3.85e-07;3.05291848020373e-05;0.5;0.024431601835592492;0.018097523055791043
3.85e-07;3.052918472631336e-05;0.5;0.02443160206814516;0.01809749777400744
3.85e-07;3.052918575570044e-05;0.5;0.024431602055176832;0.01809749010921548
3.85e-07;3.052918439308873e-05;0.5;0.02443160204724518;0.018097550637554614
3.85e-07;3.052918344078782e-05;0.5;0.024431602960347527;0.018097458350344136
3.85e-07;3.05291844448775e-05;0.5;0.024431603630367924;0.018097431751333416
3.85e-07;3.052918386130043e-05;0.5;0.024431603053771563;0.0180974545245572
3.85e-07;3.052918372199909e-05;0.5;0.024431602918761047;0.018097447846965143
3.85e-07;3.0529183522121354e-05;0.5;0.024431603581299966;0.018097419030600227
3.85e-07;3.052918428414022e-05;0.5;0.02443160302483747;0.018097506168659513
3.85e-07;3.052918365200704e-05;0.5;0.024431603896104406;0.018097447209737577
3.85e-07;3.052918418051331e-05;0.5;0.024431602758307018;0.0180974451637604
3.85e-07;3.052918350178436e-05;0.5;0.024431603708949187;0.01809740732228247
3.85e-07;3.0529183662613586e-05;0.5;0.024431603521655545;0.01809747281607756
3.85e-07;3.052918509235077e-05;0.5;0.02443160292834233;0.01809743156620698
3.85e-07;3.0529183602050134e-05;0.5;0.02443160334821902;0.018097502018157123
3.85e-07;3.052918363953239e-05;0.5;0.02443160297798461;0.0180974176663121
3.85e-07;3.052918457477223e-05;0.5;0.02443160378258799;0.01809743398087071
3.85e-07;3.0529183906376014e-05;0.5;0.024431602468774228;0.018097448977708114
